lag,minutes,acf,persistence_over_mean
1,3,0.9941660293385032,0.10801824532454528
2,6,0.9821525948410497,0.18893070242260962
3,9,0.9698794555872432,0.24544060142020838
4,12,0.9597603700803382,0.28368866709709006
5,15,0.9506164338021383,0.31427238567160704
6,18,0.9400601983214483,0.3462363403184355
7,21,0.9264745037557567,0.38347228385958565
8,24,0.9095895516220716,0.4252304043173029
9,27,0.8899854455294985,0.46907260519135296
10,30,0.8684031335688204,0.5130241055373123
11,33,0.8452330796395306,0.5563576553988798
12,36,0.8205593172413581,0.5990670793135638
13,39,0.7943074663741222,0.641393067667367
14,42,0.7664401919624084,0.6834614956785665
15,45,0.7371001238636644,0.7251205087933117
16,48,0.7064289022009781,0.7662520444331903
17,51,0.6745503996681235,0.8067832426765897
18,54,0.6415314885131111,0.8467213372614261
19,57,0.6074523772201249,0.8860560058821058
20,60,0.572417151331846,0.9247516949626575
21,63,0.5365666003158125,0.9627392166980501
22,66,0.5000071490052875,0.9999928509691581
23,69,0.462829099281617,1.0365046075328204
24,72,0.4251197383002956,1.0722688671221452
25,75,0.38697247411569685,1.1072737022834989
26,78,0.3486050466601591,1.1413982244071006
27,81,0.3101431971713039,1.1746121085947447
28,84,0.2716791283502183,1.2069141408151467
29,87,0.23334054278890098,1.2382725525594913
30,90,0.1951796250339302,1.2687161817885588
31,93,0.1572460300730508,1.298271134953673
32,96,0.11967554929662504,1.3268944575235628
33,99,0.08264684929449596,1.3545133079490241
34,102,0.04626032726807222,1.3811152542289349
35,105,0.010555612728410631,1.4067298157582282
36,108,-0.02442599281326619,1.4313811461754455
37,111,-0.05857872370350263,1.4550455138609943
38,114,-0.09175347857624984,1.4776694343297827
39,117,-0.12383045041193746,1.499220097525335
40,120,-0.15472745002260982,1.5196890800572398
41,123,-0.184451370589268,1.539124017478298
42,126,-0.2129893785671563,1.5575553785128518
43,129,-0.24029672598983412,1.574989984723607
44,132,-0.2662182638634363,1.5913631036714633
45,135,-0.2906809135108031,1.6066617027307293
46,138,-0.3136706809058581,1.6209075734944656
47,141,-0.3351976716773084,1.6341344324609945
48,144,-0.3552096420520778,1.646335106867419
49,147,-0.37369035798956746,1.6575224631899064
50,150,-0.3906214228854743,1.6677058630858586
51,153,-0.40597629237217286,1.676887767486049
52,156,-0.41972668208713515,1.6850677624873933
53,159,-0.43188495613995,1.6922676833999697
54,162,-0.4424778717868196,1.6985157472256887
55,165,-0.45153330494499877,1.7038387863556803
56,168,-0.45902522638581217,1.708230210706866
57,171,-0.46499827771264185,1.7117232706910552
58,174,-0.4694707471707604,1.7143341256422333
59,177,-0.47246570097855806,1.7160802434493312
60,180,-0.4740558343396648,1.717006601233475
