h,feature,coef
1,y[t],0.6061482533751485
1,y[t-1],-0.3153170098251571
1,y[t-2],0.03201147039428463
1,y[t-3],0.051747680886846274
1,y[t-4],0.00922178368631784
1,y[t-5],0.0073207574516232264
1,y[t-6],0.006705524619777479
1,y[t-7],0.0034133715892636497
1,y[t-8],0.0025304317503976907
1,y[t-9],0.0023877862521461688
1,y[t-10],-0.004829360863926616
1,y[t-11],-0.0002913964387004243
1,y[t-12],-0.002217908066423425
1,y[t-13],-0.007615333109576726
1,y[t-14],0.002361397100824315
1,y[t-15],-0.005527183349630727
1,y[t-16],-0.0003743429415313398
1,y[t-17],-0.0009584764404622667
1,y[t-18],-0.0015974571792086235
1,y[t-19],-0.0015807515081756199
1,y[t-20],-0.001764102163302206
1,y[t-21],0.0009916355949296466
1,y[t-22],-0.0003851755219347687
1,y[t-23],-0.0008160389706505876
1,y[t-24],-0.0037399369760588094
1,y[t-25],0.003200925784571016
1,y[t-26],-0.0024689995063487727
1,y[t-27],-0.001509055242752904
1,y[t-28],0.0012739382539982108
1,y[t-29],-0.0010553536332012575
1,y[t-30],0.0015125465229812553
1,y[t-31],-0.0039797719288786615
1,y[t-32],0.003774807713134564
1,y[t-33],-0.0018616029317563105
1,y[t-34],0.002521495748110519
1,y[t-35],-0.0016369873803815831
1,y[t-36],0.001016770150592856
1,y[t-37],0.0017435287964481265
1,y[t-38],-0.002826790090703774
1,y[t-39],0.004200811701221639
1,xmv_1,0.00030136318233735465
1,xmv_2,-0.0021847836555371923
1,xmv_3,0.0014231452347659187
1,xmv_4,-0.00101356173206533
1,xmv_5,-0.007277578219804617
1,xmv_6,0.0031618650439312326
1,xmv_7,0.0008994406990055197
1,xmv_8,0.0027762904388905214
1,xmv_9,0.062447894715305534
1,xmv_10,0.0024355659127128456
1,xmv_11,-0.005739722823545082
5,y[t],0.11644098621204846
5,y[t-1],-0.09231038980682309
5,y[t-2],0.10129194742952012
5,y[t-3],0.05717202159310735
5,y[t-4],0.025339911215715903
5,y[t-5],0.023302596105973874
5,y[t-6],0.003991222312587051
5,y[t-7],0.005784001708253037
5,y[t-8],-0.0018205866052337495
5,y[t-9],-0.013079689980268228
5,y[t-10],-0.015237544759120602
5,y[t-11],-0.01741391826705339
5,y[t-12],-0.013911630277129404
5,y[t-13],-0.01194424673195536
5,y[t-14],-0.0073603548793750055
5,y[t-15],-0.008148463754156106
5,y[t-16],-0.0035777485696749903
5,y[t-17],-0.0028393808568561883
5,y[t-18],-0.006582183965307799
5,y[t-19],-0.0007488884766296152
5,y[t-20],-0.0067696419917366735
5,y[t-21],-0.001082282684177189
5,y[t-22],-0.0030332315128141192
5,y[t-23],-0.0020429737362338877
5,y[t-24],-0.00650083713170947
5,y[t-25],0.0038486463220341973
5,y[t-26],-0.003010667265342599
5,y[t-27],-0.0009833655255743507
5,y[t-28],-0.00471078522704187
5,y[t-29],-0.0010495972662059156
5,y[t-30],0.001995679583403594
5,y[t-31],-0.002235923857768564
5,y[t-32],0.001534131569754797
5,y[t-33],-0.0025166567455737125
5,y[t-34],0.0009657571141848891
5,y[t-35],-0.0010964967593867848
5,y[t-36],0.0027863136074707104
5,y[t-37],0.0024986864647262986
5,y[t-38],-0.005024690216888527
5,y[t-39],0.009264013272720325
5,xmv_1,0.00581481631241342
5,xmv_2,-0.009607912285812162
5,xmv_3,0.001582637282610251
5,xmv_4,-0.002769134627416833
5,xmv_5,-0.06544692895131482
5,xmv_6,0.010206015269257889
5,xmv_7,0.0014119128957796913
5,xmv_8,0.00021341436424259235
5,xmv_9,0.2885381943648886
5,xmv_10,-0.002986636649965129
5,xmv_11,0.0002796612751879041
10,y[t],0.33718070211182016
10,y[t-1],-0.2674850698051139
10,y[t-2],0.12459174393316856
10,y[t-3],0.07065347755937507
10,y[t-4],0.007155950119918268
10,y[t-5],0.0025070294822979395
10,y[t-6],-0.011369562920864497
10,y[t-7],-0.009290670137576128
10,y[t-8],-0.017943811106766915
10,y[t-9],-0.021786805736158026
10,y[t-10],-0.024959022206950312
10,y[t-11],-0.026064022326380637
10,y[t-12],-0.020996105668823362
10,y[t-13],-0.017220623666691273
10,y[t-14],-0.010442513768867292
10,y[t-15],-0.01637599773758196
10,y[t-16],-0.005883744892342449
10,y[t-17],-0.0058983992093444675
10,y[t-18],-0.013284031603240282
10,y[t-19],-0.005601443668722384
10,y[t-20],-0.0059830631590679344
10,y[t-21],0.000040509267121602745
10,y[t-22],-0.005377685537172524
10,y[t-23],-0.0011964247034813242
10,y[t-24],-0.008757284157143264
10,y[t-25],0.007767186949735854
10,y[t-26],-0.005426720381719015
10,y[t-27],-0.0007626514951203874
10,y[t-28],-0.004341834693770851
10,y[t-29],-0.002547424252194742
10,y[t-30],0.0003969561896750649
10,y[t-31],-0.0028633078510353536
10,y[t-32],0.006246261303849958
10,y[t-33],-0.0039207111093911215
10,y[t-34],0.003694248362655712
10,y[t-35],-0.0015726596678944198
10,y[t-36],0.006834022947722096
10,y[t-37],-0.00008513067302181924
10,y[t-38],-0.004586649252531115
10,y[t-39],0.01070857235564168
10,xmv_1,0.006570580428475982
10,xmv_2,-0.009157220885225343
10,xmv_3,0.020900668773387338
10,xmv_4,-0.007676978024384191
10,xmv_5,-0.08530345062933613
10,xmv_6,0.003855874439106027
10,xmv_7,0.00203572409949571
10,xmv_8,0.0017786188575784586
10,xmv_9,0.30436212906889476
10,xmv_10,-0.0036636537527075744
10,xmv_11,-0.0023887580746873908
20,y[t],0.3023233656458038
20,y[t-1],-0.3671567530668309
20,y[t-2],0.13434063517746966
20,y[t-3],0.05555275962386715
20,y[t-4],-0.013550450133085961
20,y[t-5],-0.01957254663084858
20,y[t-6],-0.027987454097452777
20,y[t-7],-0.01851193073930122
20,y[t-8],-0.034840302997965644
20,y[t-9],-0.03737683206439312
20,y[t-10],-0.03367404698936694
20,y[t-11],-0.03604226400300967
20,y[t-12],-0.02933864215445914
20,y[t-13],-0.0259090077233016
20,y[t-14],-0.01764409903217462
20,y[t-15],-0.015474916204737963
20,y[t-16],-0.007439556643267505
20,y[t-17],-0.0066644802290383685
20,y[t-18],-0.017939343370434565
20,y[t-19],-0.00724281301214175
20,y[t-20],-0.008319201140834558
20,y[t-21],-0.0009407846719739401
20,y[t-22],-0.0023210553431392503
20,y[t-23],0.00011177816092721352
20,y[t-24],-0.010571050782301639
20,y[t-25],0.01193420437322056
20,y[t-26],-0.0028072380713256447
20,y[t-27],0.0018016102377251084
20,y[t-28],-0.0028632100451462367
20,y[t-29],0.0016780086090838302
20,y[t-30],0.007077939534867621
20,y[t-31],-0.002030587190769433
20,y[t-32],0.010382255307838522
20,y[t-33],-0.0006316839250670557
20,y[t-34],0.009336517151415653
20,y[t-35],-0.0016978287469801413
20,y[t-36],0.0071494739254821405
20,y[t-37],-0.009477239046854557
20,y[t-38],0.009301486192034678
20,y[t-39],-0.013463811645355936
20,xmv_1,-0.0009071272960049547
20,xmv_2,0.0063537796261672365
20,xmv_3,0.056361504022915225
20,xmv_4,-0.0193579996575379
20,xmv_5,-0.1667291178657174
20,xmv_6,-0.009662552552057946
20,xmv_7,0.0025805172994124155
20,xmv_8,0.0010412416586796133
20,xmv_9,0.4461698552168837
20,xmv_10,-0.013564018888453112
20,xmv_11,0.0023271470005333202
40,y[t],-0.1169411652154054
40,y[t-1],-0.2754279717600569
40,y[t-2],0.027925951749907998
40,y[t-3],-0.04134007594106079
40,y[t-4],-0.06138013336088891
40,y[t-5],-0.05403165786794239
40,y[t-6],-0.048657432793671976
40,y[t-7],-0.02381319279828314
40,y[t-8],-0.03853720171641317
40,y[t-9],-0.04596285879764484
40,y[t-10],-0.029761913091252732
40,y[t-11],-0.04002723785728743
40,y[t-12],-0.019385763518794914
40,y[t-13],-0.023485935558345286
40,y[t-14],-0.012016364219090334
40,y[t-15],-0.005141306049100777
40,y[t-16],-0.0007682410166217514
40,y[t-17],-0.0009616748397420876
40,y[t-18],-0.014325499807748629
40,y[t-19],0.0009409543785423404
40,y[t-20],0.0020702843232451276
40,y[t-21],0.009869294915805332
40,y[t-22],-0.0015346345948988502
40,y[t-23],0.009966392641776255
40,y[t-24],0.005486388214911065
40,y[t-25],0.02087743963437264
40,y[t-26],0.00955951131309005
40,y[t-27],0.012438223157383535
40,y[t-28],0.010554357463312932
40,y[t-29],0.013340219682858423
40,y[t-30],0.02669358059609048
40,y[t-31],0.0043096566670926895
40,y[t-32],0.025033419623012473
40,y[t-33],0.0019142923405431774
40,y[t-34],0.01952160135114469
40,y[t-35],-0.0022494604518274214
40,y[t-36],-0.002425644782901015
40,y[t-37],-0.03528342623112534
40,y[t-38],0.05781250266112552
40,y[t-39],-0.10562622810042101
40,xmv_1,0.0061917911880998286
40,xmv_2,0.06874745639798971
40,xmv_3,0.048883584133516546
40,xmv_4,-0.03793410907958519
40,xmv_5,-0.21325893717979832
40,xmv_6,-0.04717491922897497
40,xmv_7,0.0015291457752481929
40,xmv_8,-0.0025669837816238955
40,xmv_9,0.6956283813856258
40,xmv_10,-0.024876826500230084
40,xmv_11,0.010597962947410005
