run,split,h,model_rmse,persistence_rmse
1,shuffled,10,0.09204854905136967,0.20128282104139333
1,time,10,0.2199658211316516,0.20421350014260647
2,shuffled,10,0.10244001428826462,0.34194507616555747
2,time,10,0.3912637249858542,0.35620962934205985
3,shuffled,10,0.0939135213509664,0.2676420981952986
3,time,10,0.3115643415209108,0.24477781776725044
4,shuffled,10,0.0808358603135135,0.2524951850941296
4,time,10,0.33810745476029636,0.26388428715724205
5,shuffled,10,0.09746600685902089,0.2063325613597903
5,time,10,0.2679713181874017,0.2132653799003042
6,shuffled,10,0.10538659993409416,0.24871975542555727
6,time,10,0.28019495587613436,0.2477271843226228
7,shuffled,10,0.09690206234167652,0.2352126481625969
7,time,10,0.3311254129996004,0.24447697433356846
8,shuffled,10,0.08183556908271945,0.1786886281745875
8,time,10,0.3620123965862475,0.18839587082174925
9,shuffled,10,0.10330179089275959,0.2958702824268279
9,time,10,0.4718238752701662,0.2713974197022297
10,shuffled,10,0.1063083173591908,0.321882135133323
10,time,10,0.47373862672764144,0.28266323943668054
