window_start,n_samples,complete,filled_pct,XMEAS_1_A_feed,XMEAS_2_D_feed,XMEAS_3_E_feed,XMEAS_4_total_feed,XMEAS_5_recycle_flow,XMEAS_6_reactor_feed_rate,XMEAS_7_reactor_pressure,XMEAS_8_reactor_level,XMEAS_9_reactor_temperature,XMEAS_10_purge_rate,XMEAS_11_separator_temperature,XMEAS_12_separator_level,XMEAS_13_separator_pressure,XMEAS_14_separator_underflow,XMEAS_15_stripper_level,XMEAS_16_stripper_pressure,XMEAS_17_stripper_underflow,XMEAS_18_stripper_temperature,XMEAS_19_stripper_steam_flow,XMEAS_20_compressor_work,XMEAS_21_reactor_cw_outlet,XMEAS_22_condenser_cw_outlet,XMEAS_23_feed_A,XMEAS_24_feed_B,XMEAS_25_feed_C,XMEAS_26_feed_D,XMEAS_27_feed_E,XMEAS_28_feed_F,XMEAS_29_purge_A,XMEAS_30_purge_B,XMEAS_31_purge_C,XMEAS_32_purge_D,XMEAS_33_purge_E,XMEAS_34_purge_F,XMEAS_35_purge_G,XMEAS_36_purge_H,XMEAS_37_product_D,XMEAS_38_product_E,XMEAS_39_product_F,XMEAS_40_product_G,XMEAS_41_product_H,XMV_1_D_feed_flow,XMV_2_E_feed_flow,XMV_3_A_feed_flow,XMV_4_total_feed_flow,XMV_5_compressor_recycle,XMV_6_purge_valve,XMV_7_separator_underflow,XMV_8_stripper_underflow,XMV_9_stripper_steam,XMV_10_reactor_cw_flow,XMV_11_condenser_cw_flow,XMV_12_agitator_speed
2029-07-20 02:30:00+00:00,4,False,20.283,0.22838875,3697.4753405,4529.927683,9.26392725,26.704811,42.182478,2721.4977605,75.2064545,120.286035,0.33057175,79.37252575,49.90411675,2650.58331575,24.0851525,49.9233845,3116.98267425,23.18918525,65.07416125,222.16648525,342.74944375,94.51894725,76.7399675,32.2843235,8.943840999999999,26.947486,6.7902555,18.444268,1.6146045,32.6829735,13.8482155,24.835717000000002,1.2874539999999999,18.315678,2.1949069999999997,4.805152,2.2712415000000004,0.022958,0.8314225,0.08221675,53.13971525,44.38448825,63.421257499999996,54.376236500000005,22.36955775,60.744322,22.895018999999998,39.0023505,38.709545,46.49552225,44.82570175,36.414156500000004,17.5534075,50.0
2029-07-20 03:00:00+00:00,10,True,21.132,0.2594474,3665.6561858,4553.2530517,9.256326099999999,26.977908300000003,42.3834723,2711.1791239,75.4245066,120.40865260000001,0.3332665,79.8226116,50.1052562,2639.8978223999998,24.7470712,50.4700289,3109.2452223,22.881727849999997,65.1347316,220.12131530000002,340.0129497,94.6504765,76.98863675,31.806667800000003,9.012752,26.593701399999997,6.9152406,18.7514236,1.6658819999999999,32.541146600000005,13.831658,24.373364600000002,1.2465582,18.5835804,2.2145448,4.768421999999999,2.2373807999999995,0.0157218,0.8408115,0.0873884,54.1027148,43.3911245,63.198420399999996,54.4428447,25.4584133,59.8734235,22.0395839,39.6839921,38.688991800000004,46.0118695,44.623715600000004,36.8455671,18.5421409,50.0
2029-07-20 03:30:00+00:00,10,True,20.755,0.2863196,3648.7974142,4524.5678755,9.2349138,26.940802100000003,42.436179800000005,2699.4717018,75.0825967,120.4636332,0.3461302,80.33251609999999,49.8638337,2627.4842248,25.2603527,49.8624194,3099.6548907,22.8688064,65.48412019999999,220.0230962,338.28848849999997,94.7768784,77.2627192,31.9009014,9.0344678,26.340534400000003,6.8869292,19.0004172,1.639885,32.5870094,14.0146712,24.0473712,1.3371252,18.8249766,2.2551954,4.8654530000000005,2.3103332,0.0180834,0.8586551,0.0919863,53.664287200000004,42.9525667,62.815460800000004,54.109628,28.203279199999997,61.2297044,21.2861877,41.677229,37.4055118,45.3968622,45.0785278,43.0805863,18.330092200000003,50.0
2029-07-20 04:00:00+00:00,10,True,20.943,0.2792793,3636.1630637000003,4485.5993725,9.337311699999999,26.9052855,42.3371056,2695.8360316,74.7839524,120.37369960000001,0.3551808,80.2126859,50.0491903,2623.7171197,24.9645655,50.251302499999994,3095.7767209999997,23.0514826,65.6141795,227.9558657,338.5637552,94.760628,77.23712800000001,31.967820999999997,9.005857,26.1253862,6.951477800000001,19.089468399999998,1.6648893999999999,32.6685078,13.962864,23.7914142,1.254218,19.0531536,2.253146,4.8575578,2.3559552,0.017869600000000003,0.8727996000000001,0.09280859999999999,53.6113185,43.5251184,62.7495683,53.5281757,27.5143311,61.4134261,21.45009125,42.487448,37.637875300000005,46.451210700000004,46.9876359,40.7654995,18.0602875,50.0
2029-07-20 04:30:00+00:00,10,True,27.547,0.28908870000000003,3639.91965625,4487.87551285,9.444824,26.86844885,42.41963015,2704.7050351999997,74.5519584,120.41248475,0.3571045,80.26738739999999,50.23224265,2633.3757514500003,25.47255985,49.88125245,3101.9660917,23.0129251,66.0181314,240.8776823,341.18508765,94.64011535,77.41641630000001,32.1477518,8.912969,26.340584200000002,6.8814222,18.913187,1.6437476,32.8329874,13.9308278,23.6854182,1.229741,18.7480662,2.250893,4.873489,2.3092449999999998,0.0194721,0.8694564,0.0919143,53.8644421,44.3112153,62.63407175,53.7813148,28.44369855,61.98169370000001,22.11917185,42.189025349999994,37.7611469,46.6425721,50.308180549999996,41.0261821,18.04949295,50.0
2029-07-20 05:00:00+00:00,10,True,21.321,0.2543416,3659.3507191,4497.437852,9.3963383,26.849565849999998,42.3063937,2709.5766283000003,74.3543361,120.40020280000002,0.3509909,79.95408979999999,49.8427054,2638.9266898,24.8130329,49.9384333,3103.8862114,22.8536759,66.3887954,252.03092110000003,344.20065409999995,94.5058375,77.3300232,32.4191396,8.9310108,26.154058399999997,6.8698402000000005,18.8279348,1.6424066,33.307854199999994,13.862824800000002,23.795324,1.2440834,18.607973800000003,2.2431768,4.8345018,2.2884974,0.0137993,0.8486993,0.1029334,53.5881991,43.9136612,62.934209499999994,53.7358626,25.287270499999998,61.401826400000004,22.9093836,41.5094237,39.658808900000004,45.660902199999995,53.1297685,41.1992074,18.389504,50.0
2029-07-20 05:30:00+00:00,10,True,20.943,0.2331773,3663.3851821000003,4539.602350300001,9.4394251,26.890078199999998,42.3618309,2713.5486152,74.8876975,120.40198749999999,0.35341300000000003,79.9176389,50.2166742,2642.9370774999998,25.098197,50.4561797,3107.7146707,22.6482082,66.6113412,256.9003833,344.88364620000004,94.4656963,77.3207193,32.447303399999996,8.888789599999999,26.4865028,6.8246617999999994,18.5259692,1.6220959999999998,33.522377399999996,13.8296922,24.1536924,1.1895316,18.1571528,2.218947,4.820850200000001,2.3184473999999997,0.0112994,0.8157591999999999,0.1013963,54.3221103,44.4807548,63.2712799,54.1370417,22.9828271,62.3679138,23.090058,41.6414581,38.1758562,46.832449000000004,54.343260799999996,41.6367519,18.720239900000003,50.0
2029-07-20 06:00:00+00:00,10,True,21.132,0.23689999999999997,3638.5682570999998,4555.1604256,9.3555093,26.8675019,42.3795572,2715.9938977,75.28230310000001,120.3946746,0.3469301,79.77561695,49.6290592,2645.7645693,24.7976897,49.5510498,3109.1517032,23.0294876,66.4347592,251.08819899999997,344.9143,94.57691150000001,77.1973839,32.289395999999996,8.7988736,26.3961992,6.9251828,18.4773044,1.655154,33.3886076,13.843596600000001,24.1951464,1.2577562,18.021625800000002,2.2424936,4.799027000000001,2.2632402,0.020904,0.7930531000000001,0.08930479999999999,53.6318042,44.1411494,62.687439399999995,54.6343337,23.4582585,61.0543366,23.270845700000002,40.7603625,40.1787251,46.654391700000005,52.6876987,41.1231145,17.9201866,50.0
2029-07-20 06:30:00+00:00,10,True,20.943,0.2310589,3674.4257365,4546.4333951,9.3323821,26.871880499999996,42.287498,2710.3270208000004,75.4521477,120.39896300000001,0.3381448,79.82062725,49.8926686,2639.7498334,24.9682579,50.2118332,3104.7678096,22.866988799999998,65.9958439,237.23966890000003,343.4581659,94.5624273,77.1846454,32.2637148,8.8085606,26.547053,6.8673452,18.5738896,1.6255902,33.1057842,13.6922186,24.202258,1.2849256,18.239572799999998,2.221565,4.777578,2.2787992,0.0161969,0.8005195,0.1095593,53.551109700000005,43.7810702,63.07605650000001,54.414356999999995,22.825201900000003,61.535787500000005,22.9506569,39.9574051,38.250086499999995,45.1347863,49.1140239,41.2126442,18.2009875,50.0
2029-07-20 07:00:00+00:00,10,True,20.755,0.24514139999999998,3665.9492744000004,4556.422894699999,9.2957361,26.9162672,42.3065061,2704.1559038,75.1910428,120.40065569999999,0.3409237,80.0815817,49.8046671,2633.1345737,24.6405131,49.851041800000004,3101.3778895,23.0436996,65.6938459,227.2467646,341.0329944,94.64685499999999,77.19195590000001,32.1998368,8.8359348,26.426106600000004,6.8657874,18.8351024,1.6481918,32.908835599999996,13.8241648,23.967976,1.2024742,18.405211,2.248075,4.8230319999999995,2.3163392000000003,0.0103445,0.8390112999999999,0.10673250000000001,53.558828000000005,44.5509359,63.1796916,54.4401165,24.2485777,60.381716100000006,22.0739313,40.5177184,37.7224903,48.0050188,46.6442264,40.9296631,18.2961059,50.0
2029-07-20 07:30:00+00:00,10,True,20.755,0.2540402,3645.0225745999996,4492.500069600001,9.274340200000001,26.906932,42.2020242,2697.6021243,75.27837009999999,120.4015338,0.3377114,80.24322839999999,50.5078302,2625.6919594,25.574051700000002,49.7178345,3095.9498510999997,22.415339600000003,65.6873748,227.9169293,339.5534066,94.7435373,77.2879449,32.114065800000006,8.921952600000001,26.2363964,6.8829756,18.9616802,1.626372,32.6200192,13.7885752,23.8223668,1.2800296,19.0027416,2.2419629999999997,4.821181,2.3136302,0.009765300000000001,0.8493131,0.0961874,53.7597233,44.1203651,62.697504200000004,53.78455,24.973122999999998,61.5348618,21.8108248,40.263375,39.0914074,47.4328972,46.9335587,40.7647104,19.3559807,50.0
2029-07-20 08:00:00+00:00,10,True,20.755,0.2705701,3669.5265504000004,4466.8130963,9.339175299999999,26.903788600000002,42.3107509,2695.0552694,75.04096799999999,120.40863649999999,0.3410644,80.3483954,49.6007173,2622.9302122,25.5695718,50.2422952,3095.2277538,22.898876,65.8903725,231.0609746,338.8456002,94.6235389,77.3049941,31.9561486,8.940905599999999,26.144869399999997,6.8681522,19.2820478,1.6593182,32.5664244,13.837436400000001,23.8196758,1.3169908,18.752686,2.2590056,4.9095712,2.3451636000000002,0.0222418,0.8514319,0.09794810000000001,53.486719900000004,44.0221134,63.1794393,53.4973028,26.570621199999998,61.134297600000004,21.4397055,40.945029,38.0227931,46.1719523,47.922823199999996,41.187072,18.3500961,50.0
2029-07-20 08:30:00+00:00,10,True,20.943,0.2583503,3619.5358428,4476.4519767,9.3963095,26.869304999999997,42.3751848,2700.6989597,74.8124671,120.3676827,0.349171,80.2944543,50.2004777,2629.1673074,25.4197298,50.3870362,3098.3252336,23.2583904,66.0145762,236.36644660000002,340.91085469999996,94.68965419999999,77.4002654,32.046334200000004,8.9289626,25.9869996,6.9801906,18.9731446,1.6503688,32.7883338,13.8742658,23.6801018,1.330988,18.6464936,2.2494312,4.8867806,2.32599,0.0197955,0.8462807,0.0957804,53.780633699999996,43.5340576,62.3573625,53.6615583,25.4155546,61.183484699999994,22.0689188,41.6351707,37.2328556,45.4580382,49.213844,39.9800927,17.4065709,50.0
2029-07-20 09:00:00+00:00,10,True,20.943,0.25104150000000003,3671.2855324999996,4506.3764372,9.41918235,26.8898956,42.3998281,2712.3232168,74.3008648,120.44088300000001,0.344194,79.96579,49.915317099999996,2641.7340132,24.9296987,50.0682202,3107.6078237,22.7597523,65.9733325,239.55800639999998,343.9636081,94.4468779,77.4621006,32.4379732,8.8207244,26.6920008,6.788352399999999,18.6114692,1.6311794,33.1521458,13.7919188,23.846006199999998,1.2881398000000002,18.376201599999998,2.2500672,4.8258316,2.3355864,0.0183168,0.8341152,0.0988954,53.0464156,43.201056699999995,63.2865149,53.957910600000005,24.653152499999997,61.745769700000004,22.7967669,40.673417799999996,39.0182528,46.0739945,49.820792,42.6000562,18.559412299999998,50.0
2029-07-20 09:30:00+00:00,10,True,20.943,0.2155961,3662.2591385,4543.7889912,9.4135895,26.8838566,42.4026766,2714.1055837,75.0350044,120.36786910000001,0.3298198,79.854834,49.628731699999996,2643.3582887000002,24.442675299999998,49.9620341,3108.3004369,22.834560500000002,65.9678012,239.2324505,344.2320029,94.5642502,77.21254719999999,32.4736762,8.9120286,26.500011399999998,6.8513238,18.4318594,1.6435114,33.3584952,13.666862599999998,24.2796558,1.197406,18.2200048,2.2391394,4.822795999999999,2.3024612,0.025501000000000003,0.8197295,0.1040489,54.088539100000006,43.8962083,63.03732635,54.372546,21.2330224,61.4902833,23.0266828,38.6112667,38.5282265,47.4732866,49.65195,40.1505746,18.5210231,50.0
2029-07-20 10:00:00+00:00,10,True,20.943,0.2269602,3676.8548719,4547.5064247,9.2711453,26.8907627,42.3457597,2711.0590368000003,75.2685597,120.42202879999999,0.3301113,79.916692,49.7545096,2640.1186227,25.0109276,49.8260694,3107.7740055,22.8822746,65.8277958,234.01770470000002,342.1414117,94.4930884,77.259878,32.2376458,8.9194106,26.7002658,6.8369436,18.4589858,1.6307898,32.930376,13.7958276,24.4550048,1.2668994,18.4986582,2.2369816,4.7340666,2.2641792,0.018117699999999997,0.8147513,0.0969434,53.01113310000001,43.8290169,63.48356149999999,54.4321126,22.346584,61.3448561,22.5483224,39.2095124,39.6877032,46.5254812,48.1817302,41.884600999999996,18.041795099999998,50.0
2029-07-20 10:30:00+00:00,10,True,20.943,0.241749,3645.7862330000003,4528.9242853000005,9.292441,26.852204399999998,42.186444699999996,2701.1959497,75.59373439999999,120.3988983,0.34601770000000004,80.1980815,49.9865451,2629.3551054,25.0486639,50.077984300000004,3100.3837790000002,22.582053300000002,65.6763387,226.2881729,339.1673887,94.78038000000001,77.2713165,32.0998332,8.7977594,26.540072199999997,7.000353199999999,18.7843536,1.6661274,32.714821799999996,13.919813600000001,24.210592400000003,1.3344724,18.861233,2.2598472000000003,4.859185200000001,2.252773,0.0249726,0.8232001999999999,0.0861304,53.5617665,43.7807234,62.6520096,54.251838899999996,23.7694047,61.4990091,21.6516459,41.1808565,39.2476188,45.989397000000004,46.3491919,40.7274953,18.877560499999998,50.0
2029-07-20 11:00:00+00:00,10,True,27.17,0.2626317,3658.0940634999997,4487.3423913,9.3394105,26.963885800000003,42.27736195,2700.4059808499997,75.2301058,120.411638,0.34370385,80.26687125,49.601804,2628.4185856,25.989351899999996,50.0878447,3100.96209755,23.00997375,65.4931001,222.06033185,338.70752095,94.6952968,77.38092409999999,32.0705256,8.8765754,26.3519728,6.832357,19.1418746,1.659611,32.4841228,13.8435104,24.067702,1.2888078,18.989247,2.2371407999999997,4.864215,2.2884956,0.007404099999999999,0.8634285,0.09756000000000001,53.6458239,43.7767045,63.031194549999995,53.54512765,25.761193099999996,61.528003549999994,21.453139150000002,41.3036504,37.75483585,45.7480373,45.51289595,40.9018231,18.206921549999997,50.0
2029-07-20 11:30:00+00:00,10,True,20.755,0.2605232,3683.7848366999997,4473.6619118,9.3199617,26.893575199999997,42.2029331,2697.8503484000003,74.8060258,120.4012559,0.33930530000000003,80.3050207,50.360229700000005,2625.8194685999997,24.6092959,50.4167845,3098.4525045,22.9736394,65.7797896,231.85605569999998,338.5846298,94.5990183,77.3126369,31.913899400000002,8.9688836,26.334435000000003,6.864715800000001,19.069306599999997,1.6604872,32.372830799999996,13.778287799999998,24.1305538,1.312478,19.076107999999998,2.259554,4.833582,2.3263352,0.0180773,0.862982,0.0961602,53.519012399999994,43.44418,63.0614951,53.6933486,25.614263900000005,61.4656933,21.3203672,40.591275,38.5664527,46.1278388,47.9618514,41.1555798,18.2334486,50.0
2029-07-20 12:00:00+00:00,10,True,20.755,0.26868630000000004,3670.2869551000003,4499.1962525,9.3548725,26.8526702,42.269640300000006,2701.540388,74.89385180000001,120.4062856,0.3323544,80.1696654,50.1747424,2630.0085355,24.8112357,50.1299547,3100.6995715000003,22.9669305,66.0703946,239.7646616,340.0422567,94.5563002,77.32538890000001,32.082577199999996,8.830161200000001,26.1298858,6.815144200000001,18.8921388,1.6422954,32.775185,13.791798199999999,23.983935199999998,1.3476257999999999,18.8796026,2.2463740000000003,4.8839016,2.3245756,0.017418,0.8481295,0.0893146,54.1507683,43.589869,63.35788290000001,53.819038,26.4655666,61.34757549999999,21.8010989,39.6513068,36.1513719,46.1224684,49.954996799999996,41.139731499999996,18.0551663,50.0
2029-07-20 12:30:00+00:00,10,True,21.132,0.2796911,3645.5078292999997,4500.1404634,9.3483006,26.8947988,42.343426,2704.2108005,74.854876,120.39213255,0.3432446,80.2469382,50.192922499999995,2632.8874188,25.3600854,50.0606764,3102.2043693,22.8202428,66.2797926,243.14003010000002,341.2460483,94.5714064,77.4014502,32.127612,8.870054,26.3135562,6.965439000000001,18.6844632,1.629573,32.8757552,13.8424252,23.9033914,1.2625883999999998,18.7954922,2.2582952,4.8566291999999995,2.34327,0.0207063,0.8372047,0.10024549999999999,54.18674969999999,43.6777023,62.5303571,53.983895600000004,27.577517399999998,61.4543785,22.0987472,40.7307871,39.56398,46.2410123,51.0168728,41.0616806,18.4032263,50.0
2029-07-20 13:00:00+00:00,10,True,21.132,0.2621753,3648.2431382000004,4501.0121873,9.3654177,26.915594399999996,42.3539248,2707.2256393,74.88017035,120.4050992,0.33647119999999997,80.0149857,49.9397441,2636.3203777,25.4396867,50.1891145,3102.9909299,23.0272616,66.2405868,245.19696979999998,342.9997791,94.5418108,77.3672353,32.2802628,8.8241734,26.588307800000003,6.8958770000000005,18.6966036,1.6551882,33.188342999999996,13.8054744,23.8817156,1.2259468,18.497734400000002,2.2687442,4.8473856,2.2864358,0.01781,0.8286248,0.0934839,53.308581600000004,43.396069,63.015857700000005,53.7605009,25.8169143,61.92757759999999,22.64757175,39.848202,38.0194654,46.2589114,51.182622800000004,41.212046400000006,17.949490700000002,50.0
2029-07-20 13:30:00+00:00,10,True,21.132,0.2337495,3675.9671514,4524.6656443,9.3273923,26.820565900000002,42.3749356,2707.7791647,74.96425719999999,120.3987742,0.3313253,80.0771619,50.1791897,2636.8399356,25.3446618,49.8448578,3102.9493895,22.8186642,66.23214440000001,243.52037449999997,343.2671662,94.5141178,77.28221909999999,32.4818474,8.8950312,26.403657399999997,6.8370796,18.6856692,1.6330339999999999,33.3351268,13.7076308,24.120429,1.1554046,18.2192974,2.2378896,4.8546976,2.335886,0.0223121,0.8222688,0.095363,53.4581036,43.5736277,63.283265099999994,53.979370900000006,22.9950574,61.214824799999995,22.68496505,39.239967,37.10767,46.3995625,50.84768555,41.4409961,18.2455478,50.0
2029-07-20 14:00:00+00:00,10,True,21.321,0.2563862,3645.0543153999997,4513.9749684,9.299664799999999,26.86078215,42.31020085,2703.9532571,75.2193425,120.39961290000001,0.3267415,80.0544751,50.1814988,2632.662012,25.2392686,49.8570421,3100.1308263,23.1213632,66.10272810000001,238.2567883,342.1266258,94.6305841,77.2436204,31.9938674,8.8905514,26.513212599999996,6.9134798,18.7020314,1.660932,33.1525446,13.775505800000001,24.0375,1.26828,18.6165032,2.244292,4.7826044,2.3279848000000003,0.0062432,0.8125083,0.1054058,53.837641700000006,44.0457263,62.73533629999999,54.282404,25.125115700000002,62.13307,22.349105700000003,38.6517002,37.6147995,45.8509562,49.463148000000004,41.0704468,17.8344378,50.0
2029-07-20 14:30:00+00:00,10,True,20.755,0.2567136,3655.8190942,4504.419698,9.350729699999999,26.872187000000004,42.232249100000004,2702.8792808999997,75.1558406,120.39455290000001,0.3323155,80.0422641,50.2223499,2631.7184568999996,25.2327996,49.592897799999996,3098.8911549,23.0583603,65.8187367,230.7447904,342.0865289,94.59969029999999,77.1838078,32.320813599999994,8.834892,26.139774,6.8774518,18.7764644,1.6535879999999998,32.877215,13.8130066,23.9886796,1.3088706,18.5138264,2.2577194,4.8294954,2.2820526,0.018779499999999998,0.8254414000000001,0.09449640000000001,53.341771200000004,44.204850799999996,63.2194463,54.0611049,25.2940261,60.6461362,22.3483587,39.4130239,37.425816299999994,47.2569872,47.7189668,41.0401448,17.8699631,50.0
2029-07-20 15:00:00+00:00,10,True,20.755,0.23279579999999997,3672.548506,4525.8838086999995,9.2744257,26.829278699999996,42.166071,2696.7556335,75.1862334,120.39795570000001,0.33740230000000004,80.27047089999999,50.1867455,2625.4266582,24.4163447,50.2610057,3094.6997920000003,23.0890711,65.7657379,228.0193061,340.6233189,94.6301371,77.2526907,32.2345708,8.936955000000001,26.3972914,6.8234224,18.619062800000002,1.6590858000000002,32.9391312,13.804042599999999,23.7193724,1.2373324,18.6571328,2.2805664,4.8766115999999995,2.3351418,0.0158186,0.8434974000000001,0.10246709999999999,53.53198640000001,44.4146396,63.264126399999995,54.3504741,22.8570761,61.3115465,21.902881,39.9392215,39.327264,46.6203166,46.7999256,41.051617699999994,17.9976816,50.0
2029-07-20 15:30:00+00:00,10,True,20.943,0.2708519,3655.4691461,4524.3501938,9.340495899999999,26.832051200000002,42.3787034,2694.2896293000003,75.07255430000001,120.4021792,0.33833009999999997,80.46001679999999,49.9316083,2622.52978235,25.437541500000002,50.2672307,3094.0225209,22.7426604,65.87213320000001,228.4002164,339.048971,94.6563907,77.3122126,31.974427600000002,8.901101,25.986978599999997,6.9439448,18.88299,1.6769338,32.8279756,13.887014400000002,23.397258,1.2935306,18.868740199999998,2.287525,4.9029898,2.3192686,0.0147264,0.8503092999999999,0.101872,53.3569967,43.5153162,62.766631800000006,54.04216290000001,26.6761284,60.6366163,21.5057645,40.6012462,39.1748428,47.3071566,47.4752039,41.044329399999995,18.904098299999998,50.0
2029-07-20 16:00:00+00:00,10,True,20.943,0.2543776,3636.0816694,4487.7951539000005,9.347237,26.7899454,42.3042822,2696.0626007,74.8950925,120.3980665,0.33842479999999997,80.3150091,50.439124299999996,2624.4507552,24.922872,49.8737731,3094.2475965999997,22.4420094,65.9494284,234.23282899999998,340.1046514,94.7477116,77.220417,32.2008622,8.9459142,26.2167782,6.9435362,19.0038092,1.6583902000000001,32.809343,13.8373928,23.6542398,1.2847156,19.2744666,2.2849288000000003,4.862272,2.3099766,0.026309,0.8563008,0.1032564,54.05420780000001,43.6604291,62.38937550000001,53.8923575,25.132395199999998,62.1143836,21.8288069,40.1778481,38.8353422,48.7844145,48.613288499999996,40.8228182,19.2403515,50.0
2029-07-20 16:30:00+00:00,10,True,21.321,0.2726383,3644.0336070999997,4489.040744100001,9.3880256,26.806867599999997,42.4044361,2702.9107468,74.8412629,120.3979267,0.3305485,80.1890944,49.8127591,2631.9076879,25.864527,49.8135445,3099.60062,22.9803626,66.1371068,241.2637884,342.039712,94.57072015,77.3303848,32.1570612,8.916465599999999,26.1547806,6.9467924,18.874194,1.6486820000000002,33.123784,13.8144776,23.65435,1.3072956,18.7008354,2.2692015999999997,4.8763872,2.3098886,0.0226727,0.8468479,0.0921778,53.8736084,43.655957799999996,62.8109932,53.7501853,26.6945038,61.3951222,22.3739683,39.0820619,39.0249031,45.515829100000005,50.4794479,41.1367185,18.0800213,50.0
2029-07-20 17:00:00+00:00,10,True,20.943,0.235575,3673.10264,4520.457254999999,9.4424665,26.9414624,42.3752668,2708.408316,74.7272921,120.40228669999999,0.3349685,79.9972163,49.570346799999996,2637.4152644,24.8349998,50.5980903,3103.4803315,22.8765083,66.2055317,244.47952180000001,343.9457314,94.5022716,77.3449021,32.3279672,8.832520800000001,26.291496799999997,6.850461,18.7448398,1.6569897999999998,33.1647514,13.7800124,23.9329308,1.1831878,18.4144128,2.2713504,4.774815200000001,2.3320822,0.019323399999999998,0.8194476999999999,0.0960681,53.582371,44.0590552,63.2384382,53.7677282,23.2344486,60.9861839,22.7674363,39.574134,38.4211636,46.6643009,51.179665549999996,41.3023579,18.1027077,50.0
2029-07-20 17:30:00+00:00,10,True,20.943,0.2218658,3652.8756663,4527.0686732,9.4088579,26.858849600000003,42.329324299999996,2711.3872705,75.0346933,120.40092789999999,0.3341815,79.8788665,50.1564867,2640.7467668,25.4694836,49.8546451,3105.2061774000003,22.6723983,66.025422,238.9024058,344.2935013,94.5527165,77.22333764999999,32.4898958,8.879037,26.273974599999995,6.8162434,18.5692622,1.6429966,33.453058399999996,13.814266,23.907882999999998,1.2044136,18.360395599999997,2.2730828,4.7870112,2.2796114,0.0098103,0.8112233,0.10146790000000001,53.278221699999996,44.461946999999995,63.2919414,54.105985999999994,21.759205599999998,61.43953259999999,23.0606309,39.3819805,40.2914557,47.3426464,49.707176600000004,41.2394907,18.8976361,50.0
2029-07-20 18:00:00+00:00,10,True,20.943,0.219528,3662.6190481,4542.6472621,9.3642949,26.9558484,42.286316500000005,2714.181305,74.8812079,120.4028559,0.33120910000000003,79.9166358,49.5972014,2643.3938951,24.8675141,50.121804,3109.267632,22.7910548,65.7291027,231.97385509999998,343.25565489999997,94.5881196,77.26420590000001,32.277088400000004,8.9241394,26.463353,6.8536576,18.6358794,1.6513862,33.057543800000005,13.794303600000001,24.2350256,1.2336490000000002,18.0978694,2.2611406,4.8029806,2.2927102,0.0173765,0.8173617,0.0968864,53.3684314,44.2454716,62.7859994,54.22524550000001,21.5887003,61.9431285,22.8417574,38.9892684,37.8298287,46.3199755,47.7666074,41.223321,18.5674313,50.0
2029-07-20 18:30:00+00:00,10,True,21.132,0.23642370000000001,3684.8484487,4526.6554234000005,9.3317171,27.0026051,42.3327816,2709.7920653,75.3048492,120.39578429999999,0.3235577,79.89682339999999,50.4731987,2638.6280165,24.9953042,50.252970700000006,3106.2832287,23.020102299999998,65.49646785,225.63269559999998,341.95452420000004,94.5558219,77.1276646,32.1605362,8.8302312,26.369732,6.8618836000000005,18.6307236,1.6724396,32.975647800000004,13.730335200000003,24.274918200000002,1.2946458,18.309090599999998,2.272142,4.7728328,2.313587,0.0228357,0.8216705000000001,0.09184529999999999,53.489160600000005,43.368107300000005,63.2698259,54.1600426,23.2650273,61.1730561,22.4837158,38.2405895,38.5950668,45.9640947,46.1469083,41.185245099999996,18.010328100000002,50.0
2029-07-20 19:00:00+00:00,10,True,20.755,0.2463623,3637.1902423,4507.665548200001,9.3020742,26.941299800000003,42.263734,2707.060031,75.08367439999999,120.400422,0.3293758,80.0851625,50.1027688,2635.5485893,25.0803628,50.255303000000005,3104.5452202,22.6542734,65.3513116,220.3787547,340.3796621,94.7558746,77.243171,32.088718799999995,8.8846052,26.5628854,6.9195896,18.9006358,1.651162,32.829966,13.831447,24.251428999999998,1.2007721999999998,18.499945,2.257538,4.8271368,2.3101434000000003,0.014441399999999998,0.8382289999999999,0.08912489999999999,53.5624138,43.459871400000004,62.727073,54.150483699999995,24.3447374,61.2046379,22.0908175,39.3498287,37.612232399999996,47.2991212,44.9237301,40.773194000000004,18.7977915,50.0
2029-07-20 19:30:00+00:00,10,True,20.943,0.2591829,3648.4128287,4491.8670649,9.3134606,27.0015835,42.3693576,2703.2667718000002,74.9798502,120.3967059,0.3349705,80.0820048,49.8408394,2631.6629111,24.961503399999998,50.4946173,3102.3117516,22.9960573,65.3521202,221.34766789999998,339.61225679999995,94.7294041,77.2164553,32.0330802,8.989010400000002,26.6174406,6.9506268,18.911908,1.6443750000000001,32.6394802,13.8944548,24.0620506,1.2502944,18.7909128,2.2605442,4.840212,2.2994242,0.010877000000000001,0.856045,0.0960925,53.9185553,43.9610572,62.619155,53.843958,25.4599918,60.8487516,21.6642168,39.7987412,38.546806100000005,46.12977395,45.0522972,40.8123833,18.148726,50.0
2029-07-20 20:00:00+00:00,10,True,20.943,0.25453539999999997,3663.2242570000003,4514.2466574,9.3630561,26.880160699999998,42.3868881,2708.3275255,74.8128439,120.41366559999999,0.3408011,80.1616716,50.1367994,2636.72316,25.4163137,49.9661457,3106.8245527,22.838558,65.51500200000001,227.6300758,340.425258,94.5894437,77.3436983,31.9618586,8.9162178,26.4468978,6.8422654,18.7774506,1.6494122,32.665469200000004,13.858906600000001,23.8903556,1.300506,18.860601,2.2842952,4.844681,2.2802654,0.0129861,0.8593607999999999,0.0950856,53.8116945,43.44289139999999,62.920598,54.217105000000004,25.06404345,60.9096225,22.0067707,40.6079775,37.6200421,46.1326902,46.6519357,41.3156451,18.3106559,50.0
2029-07-20 20:30:00+00:00,10,True,21.132,0.2619376,3634.8491222,4492.4222949,9.407843,26.799339500000002,42.246261,2708.8708651,74.7146508,120.38853220000001,0.3384534,79.91713,50.2214465,2637.7038138,25.343099799999997,50.376379,3105.61832,23.2123672,65.7243413,235.05429199999998,341.704297,94.70069099999999,77.2021874,32.360942,8.806355199999999,26.444027,6.9340546000000005,19.019687400000002,1.6455380000000002,32.7623386,13.8692898,24.2960076,1.3212036,18.72569,2.2845328,4.7688966,2.313749,0.0203652,0.8473140000000001,0.0951325,53.811272599999995,43.6597984,62.4980987,53.80197879999999,25.802930300000003,61.8327963,22.409037899999998,40.3961973,37.7799899,47.6545574,48.5519685,41.0429655,17.931556399999998,50.0
2029-07-20 21:00:00+00:00,10,True,27.17,0.22503095,3668.8839374000004,4503.2812235500005,9.4225369,26.8138537,42.3220639,2715.15903145,74.5551116,120.41464625,0.3317614,79.84920819999999,49.56999735,2644.27249155,24.534734,49.4460869,3111.24434365,23.04440705,65.84156305,240.04448539999999,342.8763022,94.5375462,77.23920534999999,32.349370799999996,8.855626599999999,26.5284666,6.8150912,18.6754816,1.642192,32.9317862,13.783473599999999,24.2405674,1.2303308,18.330961000000002,2.2497238,4.763456,2.3016106,0.0219479,0.8439216,0.09410110000000001,52.8395089,43.5557388,63.268589999999996,53.921633299999996,22.17275735,62.155741150000004,22.7269789,39.21005145,38.025968999999996,45.56499785,49.54238125,41.15123495,18.23931735,50.0
2029-07-20 21:30:00+00:00,10,True,27.17,0.22065934999999998,3641.1462248999997,4528.6413674,9.4207465,26.944713150000002,42.2749015,2719.7930797500003,74.71562639999999,120.39825505000002,0.33187869999999997,79.8137529,49.59925305,2648.6934858,25.23532265,50.4363964,3115.35851775,22.9883815,65.9307939,241.7289493,342.8212321,94.5859069,77.28836645,32.340020800000005,8.932118,26.6880606,6.8583484,18.531795,1.6503316,32.8030562,13.795862199999998,24.4902762,1.217996,18.3618074,2.2594592,4.7428062,2.2946334,0.0194903,0.8334842,0.1113402,53.0825246,43.7314243,62.9220686,54.338445,21.6439338,61.474744050000005,22.80881265,39.44940505,38.3036024,46.973843650000006,50.277188699999996,41.18901085,18.06022035,50.0
2029-07-20 22:00:00+00:00,10,True,20.943,0.2443375,3656.1570995,4530.0931266,9.369432399999999,26.948850399999998,42.3571185,2719.7041571,75.078044,120.3908156,0.33735780000000004,79.7050897,50.496477299999995,2648.3756612,24.673646400000003,49.795060899999996,3116.0796603,22.7915904,65.9252203,242.6370963,342.0989861,94.6103824,77.10734199999999,32.0840852,8.9036974,26.7754608,6.8896298,18.7473314,1.6534346,32.8931336,13.8479548,24.391156000000002,1.2529712,18.4056556,2.2525036,4.7625618,2.2514469999999998,0.0159639,0.8295147,0.09830140000000001,53.5410863,43.7681444,62.8712556,54.198794199999995,24.1734997,61.216661,22.616031749999998,39.8416479,37.618841399999994,45.1959353,50.2060308,40.9811551,18.660746,50.0
2029-07-20 22:30:00+00:00,10,True,20.755,0.24517150000000001,3673.4239736000004,4521.880143599999,9.3166722,26.8589832,42.3990187,2716.2817872,75.3499214,120.4003888,0.3263477,79.7521948,49.913578799999996,2645.3650951,25.63034,50.3056325,3113.4620275,23.0766176,65.90935040000001,241.3579764,341.339667,94.6205378,77.20507,32.118820799999995,8.845296999999999,26.623651799999998,6.9206048,18.635767199999997,1.6692068,32.970653799999994,13.786902399999999,24.649761,1.1956662,18.3602214,2.2444493999999997,4.7553798,2.3019464,0.0104488,0.8359859000000001,0.0954803,53.1857467,43.8496035,62.977255,54.27802390000001,24.052026899999998,60.483137299999996,22.5116874,38.8234152,37.583491099999996,46.3915166,50.01464,41.165629,17.8004008,50.0
2029-07-20 23:00:00+00:00,10,True,20.943,0.2704793,3639.5824559000002,4513.8881325,9.283275,26.866677900000003,42.2526373,2716.1864084,75.27235875,120.40485650000001,0.33051379999999997,79.7779638,49.814579800000004,2644.8248031,24.5388145,49.257964099999995,3113.2988961,22.9948952,65.9516796,241.5548627,341.1842995,94.6775095,77.1655315,31.948335800000002,8.872777600000001,26.876842399999997,6.886525799999999,18.8216258,1.6526012,32.702929,13.794553200000001,24.5634606,1.1805324,18.3401184,2.2692092,4.7438188,2.2562202,0.0155076,0.8376141,0.1082592,53.0129616,43.9026476,62.7648477,53.9656816,26.5428941,61.2282557,22.3904622,39.2947476,38.2401421,45.9408642,50.1700322,40.9351049,18.0038241,50.0
2029-07-20 23:30:00+00:00,10,True,20.755,0.2679013,3654.0088396,4551.2169079,9.266432,26.888317999999998,42.2229716,2712.7769660999998,75.1986669,120.3992653,0.3367426,79.8584323,50.074672,2641.5895315999996,25.7597747,49.983877,3110.3258610000003,23.0288647,66.0364228,243.9259059,341.2022607,94.6538017,77.1384545,32.1910484,8.9565838,26.5488128,6.8456626,18.6444578,1.6352598,32.8392868,13.880475999999998,24.3197226,1.2745090000000001,18.463216,2.2646287999999997,4.7792066,2.2587868,0.020511599999999998,0.8445017,0.1004064,53.2147611,43.6189046,62.8081561,54.4948284,26.2782135,60.7879487,22.3294885,40.041107700000005,39.443962299999995,46.277143,50.6969124,41.145114899999996,17.856308300000002,50.0
2029-07-21 00:00:00+00:00,10,True,21.132,0.2768645,3679.8036362,4522.3002947,9.237990100000001,26.9527443,42.3016283,2700.1142267,75.2825789,120.3954549,0.3435804,80.0613018,50.0110416,2628.2098730000002,25.3171112,50.4558358,3099.535173,22.8996524,66.3074144,246.28359529999997,339.1980801,94.6365048,77.0260664,31.8082394,8.9509496,26.433337799999997,6.860549399999999,18.6579944,1.645411,32.8689074,13.915391199999998,24.2317686,1.316596,18.8451992,2.2723036,4.8326542,2.3191858,0.0219561,0.8383798,0.1009807,53.68077519999999,43.8544736,63.354651000000004,54.062550599999994,27.242168500000002,60.67208839999999,21.6713831,41.045212,38.294541100000004,47.1863473,51.690631499999995,40.9308828,18.3693602,50.0
2029-07-21 00:30:00+00:00,10,True,20.943,0.3027454,3653.6123897999996,4502.259604000001,9.2298376,26.8810228,42.3049961,2693.1047321,75.1352174,120.3942129,0.34618540000000003,80.2281553,49.9898605,2621.38365705,24.9966037,49.7035593,3092.6817662999997,22.9130514,66.4405591,247.98397500000002,339.09016460000004,94.6853391,77.1554031,32.065461,8.965283600000001,26.130282599999997,6.900452199999999,19.123683,1.6721418,32.4720188,13.9436858,23.3914112,1.2412218,19.0941044,2.2680924,4.8752918,2.3265196,0.0208487,0.8473865,0.0867557,53.398226699999995,44.4297929,62.86568200000001,53.8331445,29.8935434,61.1380869,21.456028600000003,41.51476,38.7909724,47.1290788,52.098341600000005,40.7827233,18.4208742,50.0
2029-07-21 01:00:00+00:00,10,True,20.943,0.2974563,3644.6280155,4454.1871321,9.2926754,26.9095124,42.3318618,2688.88019,74.6212922,120.4077405,0.3568302,80.3972796,49.7613129,2617.1463965,25.200461699999998,49.7653947,3087.1796811,22.9452185,66.67445860000001,251.0840538,339.9148494,94.6694201,77.3911277,32.109435,8.9322552,25.878937,6.9547572,19.374969,1.6738184,33.0902246,13.911118400000001,23.393009999999997,1.312014,19.149436,2.2814218,4.9192204,2.3354828,0.0204954,0.8457817000000001,0.0982999,54.321613400000004,43.5310765,62.96856770000001,53.621983799999995,29.179711200000003,60.7078813,21.5485992,42.3025878,37.2248284,46.715782000000004,53.3973233,40.972276799999996,18.1129843,50.0
2029-07-21 01:30:00+00:00,10,True,20.943,0.26918990000000004,3665.3544888999995,4472.611866,9.3738054,26.900083000000002,42.3348261,2694.6984755,74.3956127,120.40424720000001,0.34581870000000003,80.3442538,49.7676222,2623.6336963000003,25.1716217,50.2753911,3090.9327248,22.7988709,66.8333173,255.0969062,342.80654730000003,94.5036166,77.3895307,32.358426800000004,8.8878548,25.873454199999998,6.777723399999999,18.8374454,1.6669086,33.3935326,13.8418234,23.153327400000002,1.265653,18.7878066,2.2862739999999997,4.9342348000000005,2.3509006,0.030833700000000002,0.8306452,0.101651,53.8139645,43.829513500000004,63.243665199999995,53.4470267,26.4216181,61.3035979,22.2880969,40.943924499999994,36.623514799999995,46.6368809,54.3476754,41.2058312,18.4516022,50.0
2029-07-21 02:00:00+00:00,10,True,21.132,0.2362203,3674.3384283,4485.0054783,9.4030719,26.970935299999997,42.3111172,2700.0884066,74.5094846,120.3955919,0.3535914,80.23647580000001,50.3329545,2629.0640587,25.3832331,50.1760022,3094.4335567000003,22.868951000000003,66.73620430000001,253.99726890000002,344.3221095,94.480921,77.5197035,32.588274,8.880157800000001,26.1019908,6.858746200000001,18.662195399999998,1.6771715999999999,33.4366382,13.9534618,23.5069864,1.2377548,18.3056044,2.2869602,4.8901368,2.2865392,0.029665600000000004,0.8077748,0.10350680000000001,53.5393545,43.673427700000005,63.30593330000001,54.026180999999994,23.372791749999998,61.859896000000006,22.6734285,41.9122682,38.8034964,45.1568435,53.8950473,41.3313589,17.909777,50.0
2029-07-21 02:30:00+00:00,10,True,20.943,0.1960891,3663.688112,4528.4834398,9.413667100000001,26.8968325,42.436578,2704.7600732,74.6755311,120.3927498,0.3453283,80.13010799999999,50.2195786,2633.0133279,25.078123299999998,50.263596899999996,3099.3263706,22.8141566,66.41674950000001,244.2398768,343.9243486,94.4999138,77.4370303,32.7240166,8.8358578,26.1911408,6.8715862,18.438990999999998,1.6613284,33.5040154,13.7470648,23.592856599999998,1.2803118,18.134168600000002,2.2741216,4.9206496,2.3123348,0.0123041,0.7847725999999999,0.0934711,53.6619145,43.6452899,63.081229799999996,54.367931899999995,19.2624919,62.02116529999999,22.670336,40.59448025,37.4084821,46.8005511,51.153233,41.388377500000004,18.3588185,50.0
2029-07-21 03:00:00+00:00,10,True,21.132,0.1822946,3664.1618945,4518.6296198,9.3959063,26.9452945,42.3092906,2708.7512522,75.07914480000001,120.39795,0.3496627,80.0901492,49.662975,2633.2242856000003,25.7017404,49.2535123,3104.9957299000002,22.7079341,65.7404464,227.68587499999998,341.63231989999997,94.5634124,77.3208432,32.4814972,8.835318000000001,26.540711599999998,6.8859838,18.666789,1.655838,33.2955292,13.8539234,24.102388,1.191017,18.4309372,2.2652008,4.828842799999999,2.3053982,0.0120155,0.7936498000000001,0.0896346,53.65508560000001,43.5869126,63.2776297,54.235399300000005,17.8823067,61.2087497,21.789829,41.5150767,37.557237099999995,45.4214728,46.6165052,41.1013437,18.582811,50.0
2029-07-21 03:30:00+00:00,10,True,20.755,0.2253507,3647.5662755,4535.3818715,9.4091595,26.786033500000002,42.290736800000005,2712.737888,75.1228973,120.39743920000001,0.3426905,79.9107692,50.297070000000005,2630.6513328,25.4978661,49.6750683,3110.3788986,22.8695491,65.0593085,214.3114436,339.02409980000004,94.6845558,77.2748823,31.9772956,8.8736812,26.6199388,6.8926838,18.633328,1.6510978,32.7471458,13.772216199999999,24.5785002,1.2524606,18.7911764,2.2435916,4.8619428,2.2963929999999997,0.018318599999999997,0.826814,0.0983599,53.570213100000004,44.2606064,62.742612699999995,54.1878203,22.1537197,61.1746548,20.6857968,40.6825356,36.4712109,47.0086363,43.0937301,41.0433369,18.4924139,50.0
2029-07-21 04:00:00+00:00,10,True,20.943,0.2533769,3669.0935097,4527.6116793,9.30840575,26.842949700000002,42.2748881,2712.9739289,75.3547822,120.39252919999998,0.3316429,79.6938811,50.271833900000004,2621.3960923,25.061373,50.1355201,3110.6270386,23.065366500000003,64.7257286,210.25874199999998,336.181508,94.5611686,76.9793632,31.929108000000003,8.8700076,26.731820399999997,6.8767526000000005,18.6377498,1.6351970000000002,32.7462024,13.783379199999999,24.5665784,1.269082,18.381570399999998,2.2383672,4.8048062,2.2876856,0.0221664,0.8367345,0.09817429999999999,53.2486007,43.769502599999996,63.3266311,54.243698599999995,24.8863154,61.94582870000001,19.1905088,39.4797202,38.8095017,48.2466814,41.9338304,41.0886977,18.2506618,50.0
2029-07-21 04:30:00+00:00,10,True,20.755,0.2470509,3659.6201995,4541.2732049,9.2453503,26.8851205,42.345725200000004,2709.1064125,75.47870689999999,120.40043700000001,0.3449947,79.6766543,49.479470500000005,2602.5558751,24.5165498,49.9131608,3107.0630198,22.834933499999998,64.6497509,207.72233420000003,329.8220002,94.75154,76.90368240000001,32.1880044,8.8587576,26.560441000000004,6.8993210000000005,18.783369,1.6340624,32.530077999999996,13.82869,24.3203742,1.3167974,18.626075,2.2426725999999997,4.8334874,2.28491,0.015537500000000001,0.8442206000000001,0.0942623,53.7808456,43.7192559,62.983924200000004,54.4278097,24.323445900000003,60.4426754,16.7252206,41.291947400000005,38.3710128,46.5062637,41.497805299999996,40.7581594,18.6116716,50.0
2029-07-21 05:00:00+00:00,10,True,21.132,0.2618598,3672.0209186,4496.4160539,9.2512062,26.964495699999997,42.310954300000006,2694.3267103000003,75.2331325,120.4028587,0.3454771,80.0370744,49.7093913,2595.9759612000003,25.2641484,50.174448999999996,3095.8946329,22.9642946,64.7825043,209.09890259999997,327.9975633,94.8456649,77.11663200000001,31.9101396,8.9815568,26.401545799999997,6.8446568,19.1212852,1.6433036,32.400506,13.8351392,24.0740418,1.2372302,19.0030736,2.2523838,4.8908228000000005,2.2704506,0.0178898,0.8638187,0.10239850000000002,54.002356999999996,44.2962591,63.2607517,53.689361399999996,25.7563482,61.365679,17.158462,41.6682412,38.467740400000004,45.988673,41.97576565,40.4075813,18.3394689,50.0
2029-07-21 05:30:00+00:00,10,True,20.755,0.26536079999999995,3654.4553720999997,4468.7397753,9.3378385,26.996997699999998,42.4175341,2690.4908894,74.82831780000001,120.3948839,0.3346496,80.432669,49.8718551,2618.1543435,25.2024002,50.4542276,3092.9119921,23.0864817,65.3294362,216.23865489999997,336.8400341,94.6999763,77.2552655,32.0071424,8.8679892,26.1509766,6.953843600000001,19.089474000000003,1.663355,32.41315,13.7632804,23.8619312,1.2297107999999999,18.9267948,2.2804732000000003,4.91284,2.3854116000000003,0.021428499999999996,0.8714872,0.10346340000000001,53.8433256,44.068274100000004,63.152965800000004,53.334310800000004,26.0384125,60.6894366,20.8367985,40.2254795,38.6855732,45.868173,44.2040143,40.657540499999996,17.8603814,50.0
2029-07-21 06:00:00+00:00,10,True,20.943,0.2889859,3661.0974429000003,4452.6598352,9.4377449,26.848465299999997,42.4181981,2705.19366,74.4897821,120.4209394,0.33874909999999997,80.2194021,50.1929598,2633.8045521,25.4543683,49.620063,3104.1178109,22.739571599999998,65.5531632,228.39087920000003,340.5334552,94.54213419999999,77.408286,32.1834888,8.8775788,26.2974892,6.8940377999999995,19.0601992,1.6569946000000002,32.6921394,13.7739468,23.862523799999998,1.2779878,18.8676298,2.2467302,4.888420999999999,2.2960786,0.0236056,0.8785885999999999,0.0973886,53.891332399999996,43.2308241,62.976698799999994,53.235024499999994,28.328801199999997,62.0584334,21.8330143,40.3237359,39.0311619,47.069068699999995,47.098469,41.255700000000004,18.7127706,50.0
2029-07-21 06:30:00+00:00,10,True,21.132,0.24661689999999997,3654.1215897499997,4523.4200476,9.4470659,26.908942000000003,42.343816600000004,2718.7636759,74.39565350000001,120.40416339999999,0.3284713,79.8353836,50.044317,2648.3772903,24.6779285,50.6267695,3113.5714602,22.7035164,65.8813356,242.67490160000003,344.4305525,94.46163229999999,77.33099150000001,32.1142236,8.8138194,26.4785164,6.8161362,18.4816666,1.6497858,33.0133954,13.746440000000002,24.2414598,1.2470482,18.3306398,2.2561082,4.7734696,2.2745676,0.0216474,0.8409084,0.1009501,53.7048503,43.3737048,63.0333066,53.9278136,24.199302,62.2993335,23.048591300000002,38.633756399999996,35.7020944,45.6144403,50.4223872,41.4807985,18.5140013,50.0
2029-07-21 07:00:00+00:00,10,True,20.755,0.23696299999999998,3669.9320187999997,4530.1231505000005,9.3857553,26.859504499999996,42.4299705,2720.371066,75.2035848,120.3880131,0.3275579,79.5758388,50.1262701,2650.108671,25.5991435,50.320844199999996,3112.8834256,22.9281754,65.9744199,244.63528499999998,345.4717526,94.4288291,77.1261442,32.5278306,8.7709118,26.552084400000002,6.8825916000000005,18.4197998,1.6383535999999999,33.416458999999996,13.7195368,24.483299600000002,1.248004,18.0507118,2.2340874,4.7744478,2.2549053999999997,0.023829299999999998,0.8096645,0.0907318,53.798619699999996,44.128093,63.2394421,54.3098557,23.2535363,61.153838799999996,23.470596399999998,38.334882199999996,39.365443500000005,46.2326378,50.6734848,41.532670100000004,18.2107203,50.0
2029-07-21 07:30:00+00:00,2,False,23.585,0.22928700000000002,3706.6127875,4614.2329604999995,9.385241,26.99672,42.449029499999995,2720.09703,75.30694700000001,120.4031335,0.33952499999999997,79.713303,49.97159,2649.4682169999996,25.002318000000002,50.7228205,3113.4814715,23.527661000000002,65.9246425,239.86679049999998,344.813065,94.538595,77.32106,32.484223,8.747473,26.618948,7.029435,18.13887,1.648176,33.447202,13.728171,24.321892,1.205796,18.064528,2.240285,4.695484,2.307009,0.03226,0.799145,0.083715,54.213685,44.375868,64.018599,54.496284,22.57985,59.148692,23.320237499999998,40.1312765,36.4488055,47.698943,49.656654,41.62273375,17.013626,50.0
